{"cameraMode":{"drawMode":0,"name":"Shaded","section":"Shading Mode"},"sceneLighting":true,"audioPlay":false,"sceneViewState":{"showFog":true,"showMaterialUpdate":true,"showSkybox":true,"showFlares":true,"showImageEffects":true,"showParticleSystems":true},"in2DMode":false,"pivot":{"x":-192.4302978515625,"y":-88.62438201904297,"z":278.5460510253906},"rotation":{"x":0.13219211995601655,"y":-0.3133431375026703,"z":0.04412046819925308,"w":0.9394059777259827},"size":377.4029846191406,"orthographic":false}