{"cameraMode":{"drawMode":0,"name":"Shaded","section":"Shading Mode"},"sceneLighting":true,"audioPlay":false,"sceneViewState":{"showFog":true,"showMaterialUpdate":true,"showSkybox":true,"showFlares":true,"showImageEffects":true,"showParticleSystems":true},"in2DMode":false,"pivot":{"x":1.2048211097717286,"y":0.7726340293884277,"z":-1.7109832763671876},"rotation":{"x":-0.06141771003603935,"y":0.9363487362861633,"z":-0.2087072879076004,"w":-0.27554699778556826},"size":11.646632194519043,"orthographic":false}