{"cameraMode":{"drawMode":0,"name":"Shaded","section":"Shading Mode"},"sceneLighting":false,"audioPlay":false,"sceneViewState":{"showFog":true,"showMaterialUpdate":true,"showSkybox":true,"showFlares":true,"showImageEffects":true,"showParticleSystems":true},"in2DMode":false,"pivot":{"x":23.719478607177736,"y":75.6990737915039,"z":19.58892822265625},"rotation":{"x":0.1181250512599945,"y":-0.8039326071739197,"z":0.17035049200057984,"w":0.5574559569358826},"size":32.67656707763672,"orthographic":false}