{"cameraMode":{"drawMode":0,"name":"Shaded","section":"Shading Mode"},"sceneLighting":true,"audioPlay":false,"sceneViewState":{"showFog":true,"showMaterialUpdate":true,"showSkybox":true,"showFlares":true,"showImageEffects":true,"showParticleSystems":true},"in2DMode":false,"pivot":{"x":-28.66998291015625,"y":-21.866907119750978,"z":30.583492279052736},"rotation":{"x":0.22512954473495484,"y":-0.4077659845352173,"z":0.10451163351535797,"w":0.8787845373153687},"size":81.71013641357422,"orthographic":false}