{"cameraMode":{"drawMode":0,"name":"Shaded","section":"Shading Mode"},"sceneLighting":true,"audioPlay":false,"sceneViewState":{"showFog":true,"showMaterialUpdate":true,"showSkybox":true,"showFlares":true,"showImageEffects":true,"showParticleSystems":true},"in2DMode":false,"pivot":{"x":4.517589092254639,"y":0.5448451042175293,"z":4.306255340576172},"rotation":{"x":0.08368023484945297,"y":0.5866832137107849,"z":-0.06112225353717804,"w":0.8031941652297974},"size":11.64223575592041,"orthographic":false}