{"cameraMode":{"drawMode":0,"name":"Shaded","section":"Shading Mode"},"sceneLighting":true,"audioPlay":false,"sceneViewState":{"showFog":true,"showMaterialUpdate":true,"showSkybox":true,"showFlares":true,"showImageEffects":true,"showParticleSystems":true},"in2DMode":false,"pivot":{"x":-12.133033752441407,"y":-13.111437797546387,"z":37.01460266113281},"rotation":{"x":0.16639238595962525,"y":-0.24849747121334077,"z":0.04337553679943085,"w":0.9532635807991028},"size":59.75566101074219,"orthographic":false}